Type,Name,Request Count,Failure Count,Median Response Time,Average Response Time,Min Response Time,Max Response Time,Average Content Size,Requests/s,Failures/s,50%,66%,75%,80%,90%,95%,98%,99%,99.9%,99.99%,100%
GET,/api/user/orders/[id],3268,0,90,91.93628767414253,29.541677999077365,286.1677399923792,265.0,27.34515636579267,0.0,90,100,110,120,130,140,160,170,200,290,290
GET,/api/user/stats/[id],3184,0,89,90.95694054769466,24.211310999817215,228.1937430088874,265.0,26.642282089560542,0.0,89,100,110,110,130,140,160,170,210,230,230
POST,/checkout [failure-inject],2178,0,170,168.8664980364124,7.1718580002198,515.407653991133,48.0,18.224525876590096,0.0,170,190,210,220,250,280,340,390,510,520,520
POST,/checkout [normal],6321,0,170,169.66772090706897,7.6945909968344495,571.6027500020573,39.0,52.8912892864674,0.0,170,190,210,220,250,290,340,380,530,570,570
,Aggregated,14951,0,120,135.79797895791955,7.1718580002198,571.6027500020573,137.83981004615075,125.1032536184107,0.0,120,160,180,190,230,260,310,350,510,550,570
