Type,Name,Request Count,Failure Count,Median Response Time,Average Response Time,Min Response Time,Max Response Time,Average Content Size,Requests/s,Failures/s,50%,66%,75%,80%,90%,95%,98%,99%,99.9%,99.99%,100%
GET,/api/user/orders/[id],4345,0,23,23.45534062761357,8.483182999043493,67.29958800133318,265.0,36.45296265485192,0.0,23,26,29,31,36,40,45,48,57,67,67
GET,/api/user/stats/[id],4317,0,22,22.95232396713274,8.825398999761092,62.866308999218745,41.81769747509845,36.218052884003626,0.0,22,26,28,30,35,39,44,48,57,63,63
POST,/checkout [failure-inject],3281,0,9,11.201389235585157,2.7118919970234856,62.612256999273086,48.0,27.526391362616607,0.0,9,12,14,16,21,26,34,41,51,63,63
POST,/checkout [normal],9591,0,9,10.83159763508097,2.527829998143716,65.23256799846422,39.0,80.46498615021514,0.0,9,11,13,15,20,26,33,39,53,65,65
,Aggregated,21534,0,13,15.86496928546077,2.527829998143716,67.29958800133318,86.53705767623293,180.6623930516873,0.0,13,19,22,24,30,35,41,44,56,63,67
